clave,descripci�n
1979,Mil novecientos setenta y nueve
1980,Mil novecientos ochenta
1981,Mil novecientos ochenta y uno
1982,Mil novecientos ochenta y dos
1983,Mil novecientos ochenta y tres
1984,Mil novecientos ochenta y cuatro
1985,Mil novecientos ochenta y cinco
1986,Mil novecientos ochenta y seis
1987,Mil novecientos ochenta y siete
1988,Mil novecientos ochenta y ocho
1989,Mil novecientos ochenta y nueve
1990,Mil novecientos noventa
1991,Mil novecientos noventa y uno
1992,Mil novecientos noventa y dos
1993,Mil novecientos noventa y tres
1994,Mil novecientos noventa y cuatro
1995,Mil novecientos noventa y cinco
1996,Mil novecientos noventa y seis
1997,Mil novecientos noventa y siete
1998,Mil novecientos noventa y ocho
1999,Mil novecientos noventa y nueve
2000,Dos mil
2001,Dos mil uno
2002,Dos mil dos
2003,Dos mil tres
2004,Dos mil cuatro
2005,Dos mil cinco
2006,Dos mil seis
2007,Dos mil siete
2008,Dos mil ocho
2009,Dos mil nueve
2010,Dos mil diez
2011,Dos mil once
2012,Dos mil doce
2013,Dos mil trece
2014,Dos mil catorce
2015,Dos mil quince
2016,Dos mil diecis�is
9999,No especificado
